{"XLM":{"TRX":8.59881467973558,"ICX":0.27134944612286,"EOS":0.0999787972754499,"IOTA":0.355073418674699,"ONT":0.466220368744513,"ADA":0.398691567054546,"XMR":0.00191390157280568,"DASH":0.00184113878361307,"NEO":0.00994516358651235,"ATOM":0.0226176929661145,"VET":9.43499574808664,"BAT":0.851342812006319,"BTT":343.112745098039,"ALGO":0.392070865291131},"TRX":{"XLM":0.134667655053126,"ICX":0.030822582882508,"EOS":0.0117494646114798,"IOTA":0.0402828136330674,"ONT":0.0518437225636523,"ADA":0.0462844347237411,"XMR":0.000224501136650669,"DASH":0.000295253564338567,"NEO":0.00114983570079433,"ATOM":0.00450933991239112,"VET":1.07924326687228,"BAT":0.0973493975903614,"BTT":38.8316993464052,"ALGO":0.0457923733390947},"ICX":{"XLM":4.72152211514702,"TRX":31.8767186067828,"EOS":0.375344018131779,"IOTA":1.30742481203008,"ONT":1.70050482879719,"ADA":1.47675159235669,"XMR":0.00720105600993892,"DASH":0.00905702941707273,"NEO":0.0370268831514506,"ATOM":0.13627712602588,"VET":35.0385371014055,"BAT":3.15656909462219,"BTT":1409.06862745098,"ALGO":1.427892405747},"EOS":{"XLM":10.4297010130961,"TRX":85.1102610261026,"ICX":2.62331807462894,"IOTA":3.42848078317621,"ONT":4.03028972783143,"ADA":3.93928032078321,"XMR":0.0191073503409952,"DASH":0.0192244179750948,"NEO":0.0978628166317369,"ATOM":0.28038366648205,"VET":91.8546761541637,"BAT":8.28543263964951,"BTT":3060.78431372549,"ALGO":3.9021281192611},"IOTA":{"XLM":3.29429206819867,"TRX":24.6985775570106,"ICX":0.763044084821429,"EOS":0.290166847927001,"ONT":1.25768217734855,"ADA":1.14040574633556,"XMR":0.00552558468454816,"DASH":0.0066878722252301,"NEO":0.0286069196370198,"ATOM":0.0792910729570515,"VET":26.7326490713588,"BAT":2.41212789415656,"BTT":982.761437908497,"ALGO":1.09517122177811},"ONT":{"XLM":3.05386706202125,"TRX":21.7121246848499,"ICX":0.686698079014136,"EOS":0.252714419100974,"IOTA":0.897914691943128,"ADA":1.00867805994783,"XMR":0.00484527645644724,"DASH":0.00568805269806894,"NEO":0.0252129245182583,"ATOM":0.0881375560142994,"VET":23.8933588922239,"BAT":2.15884229717411,"BTT":730.718954248366,"ALGO":0.985524467970185},"ADA":{"XLM":3.60761057573511,"TRX":21.6055355535554,"ICX":0.665938410320433,"EOS":0.253853475398567,"IOTA":0.870331762146483,"ONT":1.56526558384548,"XMR":0.00485046728971963,"DASH":0.00537822595199423,"NEO":0.0248428161142591,"ATOM":0.0609793061779367,"VET":23.3176287733443,"BAT":2.10328587075575,"BTT":1005.10620915033,"ALGO":0.975974937884844},"XMR":{"XLM":586.08846058809,"TRX":4481.34831460674,"ICX":139.591208175836,"EOS":52.1318589391682,"IOTA":182.786434463795,"ONT":234.328358208955,"ADA":206.099690984818,"DASH":1.04570474643566,"NEO":5.16311101905551,"ATOM":13.0814158400886,"VET":4869.24673422049,"BAT":439.73539140022,"BTT":182418.300653595,"ALGO":216.247164308091},"DASH":{"XLM":586.459105510255,"TRX":5070.36870503597,"ICX":158.768039422738,"EOS":59.1150952792849,"IOTA":206.718606782768,"ONT":232.473661106234,"ADA":233.661417322835,"XMR":1.12872228617186,"NEO":5.83699984471246,"ATOM":12.3019988923015,"VET":5519.98433560957,"BAT":496.543372963452,"BTT":181797.385620915,"ALGO":236.534514421519},"NEO":{"XLM":111.541882876205,"TRX":869.689468946895,"ICX":26.80607573866,"EOS":10.2183856383682,"IOTA":35.0335387962292,"ONT":41.8338454784899,"ADA":40.2530854553976,"XMR":0.195246274311695,"DASH":0.196340913192565,"ATOM":2.67186949297618,"VET":938.606503630668,"BAT":84.6637458926616,"BTT":31205.0653594771,"ALGO":38.7652587231284},"ATOM":{"XLM":59.5453422288115,"TRX":473.258734870975,"ICX":14.9989143808352,"EOS":5.50131400812296,"IOTA":19.5804988662132,"ONT":21.8766461808604,"ADA":21.9540875239679,"XMR":0.105810272643725,"DASH":0.0936563797148529,"NEO":0.548863816939457,"VET":521.76540194869,"BAT":46.8338983050847,"BTT":16240.1960784314,"ALGO":20.7626660905261},"VET":{"XLM":0.195994563874475,"TRX":0.907846715328467,"ICX":0.0285857932916756,"EOS":0.0105817292353504,"IOTA":0.0374376822500235,"ONT":0.0457473661106234,"ADA":0.0420292303793191,"XMR":0.000201723264064876,"DASH":0.000440191301209168,"NEO":0.00105235325224749,"ATOM":0.00453511907758924,"BAT":0.0897811865553801,"BTT":36.1683006535948,"ALGO":0.0412585070757265},"BAT":{"XLM":3.13318507536447,"TRX":10.2722772277228,"ICX":0.316618116243584,"EOS":0.120693757766438,"IOTA":0.413796229151559,"ONT":0.594600526777875,"ADA":0.475446544810707,"XMR":0.00230613791361455,"DASH":0.005224688684353,"NEO":0.0118114310848922,"ATOM":0.0598811741604149,"VET":11.0862860334653,"BTT":474.918300653595,"ALGO":0.470022685535271},"BTT":{"XLM":0.00407388188781814,"TRX":0.0307287173666288,"ICX":0.000966857142857143,"EOS":0.000357915333562495,"IOTA":0.00126528323051038,"ONT":0.00141856892010536,"ADA":0.00141824354057962,"XMR":0.00000681811313151665,"DASH":0.0000157963364013716,"NEO":0.0000356210526315789,"ATOM":0.000287498111877549,"VET":0.0337068579112506,"BAT":0.00303702041732107,"ALGO":0.00138608620503403},"ALGO":{"XLM":3.2196688905362,"TRX":22.7401001365498,"ICX":0.717094875843261,"EOS":0.264667708526475,"IOTA":0.938656646312823,"ONT":1.10184372256365,"ADA":1.05250961183968,"XMR":0.00504722937818861,"DASH":0.0054746435661433,"NEO":0.0263648117364574,"ATOM":0.0681687729721565,"VET":25.0168999273929,"BAT":2.24791901012373,"BTT":911.519607843137}}